Full Name,Years Old,Email Address,Home Address
Melissa Jacobson,26,gonzalezdanielle@example.com,"54250 Schneider Views Apt. 936
Mayhaven, TX 94991"
Brian Oliver,47,julieriley@example.com,"72011 Stone Hill Apt. 614
Leslieberg, CT 20265"
Kelly Griffin,33,robertthompson@example.net,"PSC 7078, Box 9229
APO AP 37783"
Ruth Woodward,45,lisa84@example.org,"4913 Young Divide Suite 143
Gonzalesberg, HI 67591"
Debbie Dunlap,64,adam43@example.com,"4421 Andrew Burg Apt. 111
Port Peterland, MP 06662"
Geoffrey Williams,61,baileydavid@example.com,"5829 Carol Mission Apt. 670
Port Brian, DE 43955"
Ian Reese,55,thomasmarc@example.org,"40440 Chavez Groves Suite 232
Port Nicole, MH 84424"
Juan Aguilar,65,susan20@example.net,"PSC 8041, Box 7894
APO AA 11772"
David Brown,32,edwarddavis@example.net,"42206 Daniels Estate Apt. 730
Benjaminland, AK 81783"
Jeffrey Taylor,29,roblesmatthew@example.org,"16263 Deborah Trafficway Suite 640
Lopezfort, MI 41371"
